{"cameraMode":{"drawMode":0,"name":"Shaded","section":"Shading Mode"},"sceneLighting":false,"audioPlay":false,"sceneViewState":{"m_AlwaysRefresh":false,"showFog":true,"showSkybox":false,"showFlares":true,"showImageEffects":true,"showParticleSystems":true,"showVisualEffectGraphs":true,"m_FxEnabled":true},"in2DMode":false,"pivot":{"x":25.999732971191408,"y":1.4749228954315186,"z":-1.3708257675170899},"rotation":{"x":0.47199273109436037,"y":0.04864096641540527,"z":-0.026200558990240098,"w":0.8799957633018494},"size":6.4015021324157719,"orthographic":false}